State,Year,Age,Estimate,95%CI,SampleSize
Alabama,2010-11,>=6 Months,36.7,34.7 to 38.7,8221
Alaska,2010-11,>=6 Months,32.4,29.3 to 35.5,4082
Arizona,2010-11,>=6 Months,35.6,33.0 to 38.2,7714
Arkansas,2010-11,>=6 Months,39.5,36.7 to 42.3,5605
California,2010-11,>=6 Months,32.7,31.6 to 33.8,17752
Colorado,2010-11,>=6 Months,39.6,37.9 to 41.3,10739
Connecticut,2010-11,>=6 Months,44.2,42.3 to 46.1,8956
Delaware,2010-11,>=6 Months,40.6,37.7 to 43.5,5346
District of Columbia,2010-11,>=6 Months,39,35.7 to 42.3,5155
Florida,2010-11,>=6 Months,31.9,30.3 to 33.5,23009
Georgia,2010-11,>=6 Months,37.1,34.8 to 39.4,7550
Hawaii,2010-11,>=6 Months,42.1,39.1 to 45.1,7223
Idaho,2010-11,>=6 Months,34.4,31.8 to 37.0,6664
Illinois,2010-11,>=6 Months,34.2,31.8 to 36.6,8455
Indiana,2010-11,>=6 Months,36.3,34.5 to 38.1,10957
Iowa,2010-11,>=6 Months,46.6,44.5 to 48.7,7369
Kansas,2010-11,>=6 Months,43.2,41.3 to 45.1,12527
Kentucky,2010-11,>=6 Months,42,39.9 to 44.1,9035
Louisiana,2010-11,>=6 Months,38.3,36.4 to 40.2,9961
Maine,2010-11,>=6 Months,43.1,41.4 to 44.8,11049
Maryland,2010-11,>=6 Months,43.1,41.3 to 44.9,10622
Massachusetts,2010-11,>=6 Months,46.1,44.4 to 47.8,16952
Michigan,2010-11,>=6 Months,36.2,34.4 to 38.0,9780
Minnesota,2010-11,>=6 Months,45.8,43.9 to 47.7,10761
Mississippi,2010-11,>=6 Months,34.1,31.8 to 36.4,9274
Missouri,2010-11,>=6 Months,39.8,37.5 to 42.1,7034
Montana,2010-11,>=6 Months,34.1,31.9 to 36.3,8954
Nebraska,2010-11,>=6 Months,42.8,40.9 to 44.7,17738
Nevada,2010-11,>=6 Months,30.5,27.0 to 34.0,4614
New Hampshire,2010-11,>=6 Months,41.3,39.2 to 43.4,6859
New Jersey,2010-11,>=6 Months,37.9,36.4 to 39.4,13887
New Mexico,2010-11,>=6 Months,42.1,39.7 to 44.5,9188
New York,2010-11,>=6 Months,38.8,37.1 to 40.5,11525
North Carolina,2010-11,>=6 Months,39.8,37.5 to 42.1,9572
North Dakota,2010-11,>=6 Months,42.9,40.4 to 45.4,5756
Ohio,2010-11,>=6 Months,39,37.3 to 40.7,9766
Oklahoma,2010-11,>=6 Months,40.7,38.6 to 42.8,8093
Oregon,2010-11,>=6 Months,33.2,31.1 to 35.3,6064
Pennsylvania,2010-11,>=6 Months,39.4,37.8 to 41.0,12439
Rhode Island,2010-11,>=6 Months,48.8,47.0 to 50.6,7508
South Carolina,2010-11,>=6 Months,40.3,38.0 to 42.6,10200
South Dakota,2010-11,>=6 Months,49.8,46.3 to 53.3,7253
Tennessee,2010-11,>=6 Months,41.2,38.9 to 43.5,7269
Texas,2010-11,>=6 Months,36.5,34.8 to 38.2,22207
Utah,2010-11,>=6 Months,40.8,38.6 to 43.0,10551
Vermont,2010-11,>=6 Months,42,39.8 to 44.2,7738
Virginia,2010-11,>=6 Months,45.6,43.3 to 47.9,7537
Washington,2010-11,>=6 Months,38.2,36.3 to 40.1,18192
West Virginia,2010-11,>=6 Months,43.5,41.0 to 46.0,5748
Wisconsin,2010-11,>=6 Months,37.2,35.0 to 39.4,6899
Wyoming,2010-11,>=6 Months,38.2,35.2 to 41.2,7019
Alabama,2011-12,>=6 Months,36.9,35.1 to 38.7,8598
Alaska,2011-12,>=6 Months,31.3,28.9 to 33.7,4380
Arizona,2011-12,>=6 Months,34.8,32.6 to 37.0,7028
Arkansas,2011-12,>=6 Months,41.1,38.8 to 43.4,5812
California,2011-12,>=6 Months,33.7,32.1 to 35.3,10219
Colorado,2011-12,>=6 Months,40.1,38.5 to 41.7,11945
Connecticut,2011-12,>=6 Months,43.2,41.4 to 45.0,8043
Delaware,2011-12,>=6 Months,41.4,39.1 to 43.7,5737
District of Columbia,2011-12,>=6 Months,39,36.7 to 41.3,5203
Florida,2011-12,>=6 Months,31.2,29.0 to 33.4,7739
Georgia,2011-12,>=6 Months,33.2,31.3 to 35.1,8305
Hawaii,2011-12,>=6 Months,40,37.8 to 42.2,7461
Idaho,2011-12,>=6 Months,31.1,29.0 to 33.2,6375
Illinois,2011-12,>=6 Months,34.5,32.6 to 36.4,7725
Indiana,2011-12,>=6 Months,37.5,35.8 to 39.2,7767
Iowa,2011-12,>=6 Months,45.2,43.5 to 46.9,7238
Kansas,2011-12,>=6 Months,41,39.6 to 42.4,15425
Kentucky,2011-12,>=6 Months,38.7,37.1 to 40.3,10860
Louisiana,2011-12,>=6 Months,37.4,35.5 to 39.3,8936
Maine,2011-12,>=6 Months,42.6,41.0 to 44.2,10667
Maryland,2011-12,>=6 Months,41.6,39.6 to 43.6,12091
Massachusetts,2011-12,>=6 Months,44.6,43.2 to 46.0,19861
Michigan,2011-12,>=6 Months,35.6,34.0 to 37.2,9619
Minnesota,2011-12,>=6 Months,44.3,42.7 to 45.9,14706
Mississippi,2011-12,>=6 Months,35.3,33.5 to 37.1,7669
Missouri,2011-12,>=6 Months,38.7,36.6 to 40.8,5835
Montana,2011-12,>=6 Months,32.7,31.0 to 34.4,8967
Nebraska,2011-12,>=6 Months,41.8,40.4 to 43.2,21365
Nevada,2011-12,>=6 Months,28.6,26.3 to 30.9,6304
New Hampshire,2011-12,>=6 Months,40.2,38.4 to 42.0,7003
New Jersey,2011-12,>=6 Months,37.9,36.3 to 39.5,12538
New Mexico,2011-12,>=6 Months,39.5,37.7 to 41.3,8714
New York,2011-12,>=6 Months,37.5,35.8 to 39.2,8392
North Carolina,2011-12,>=6 Months,41.2,39.6 to 42.8,13141
North Dakota,2011-12,>=6 Months,40.8,38.7 to 42.9,5126
Ohio,2011-12,>=6 Months,38.8,37.2 to 40.4,9768
Oklahoma,2011-12,>=6 Months,39.7,37.8 to 41.6,7841
Oregon,2011-12,>=6 Months,34.4,32.8 to 36.0,6398
Pennsylvania,2011-12,>=6 Months,40.1,38.8 to 41.4,16922
Rhode Island,2011-12,>=6 Months,44.8,42.8 to 46.8,6948
South Carolina,2011-12,>=6 Months,35.7,34.1 to 37.3,12189
South Dakota,2011-12,>=6 Months,48,45.1 to 50.9,5473
Tennessee,2011-12,>=6 Months,42,38.5 to 45.5,6820
Texas,2011-12,>=6 Months,36,34.6 to 37.4,18233
Utah,2011-12,>=6 Months,40,37.9 to 42.1,9449
Vermont,2011-12,>=6 Months,42.2,40.3 to 44.1,6807
Virginia,2011-12,>=6 Months,41.4,39.4 to 43.4,6957
Washington,2011-12,>=6 Months,36.8,35.3 to 38.3,14140
West Virginia,2011-12,>=6 Months,44.6,42.7 to 46.5,6026
Wisconsin,2011-12,>=6 Months,37.8,35.5 to 40.1,4907
Wyoming,2011-12,>=6 Months,34.4,32.0 to 36.8,6621
Alabama,2012-13,>=6 Months,39.5,37.5 to 41.5,7292
Alaska,2012-13,>=6 Months,32.8,30.7 to 34.9,4997
Arizona,2012-13,>=6 Months,32.4,30.4 to 34.4,6778
Arkansas,2012-13,>=6 Months,42.1,40.0 to 44.2,5609
California,2012-13,>=6 Months,35.4,33.8 to 37.0,9443
Colorado,2012-13,>=6 Months,42.7,41.4 to 44.0,11539
Connecticut,2012-13,>=6 Months,41.4,39.7 to 43.1,8003
Delaware,2012-13,>=6 Months,44.8,42.7 to 46.9,6360
District of Columbia,2012-13,>=6 Months,38.3,35.9 to 40.7,4615
Florida,2012-13,>=6 Months,27.7,26.1 to 29.3,16443
Georgia,2012-13,>=6 Months,34.9,33.2 to 36.6,7013
Hawaii,2012-13,>=6 Months,41.9,39.8 to 44.0,8208
Idaho,2012-13,>=6 Months,32.4,30.5 to 34.3,5748
Illinois,2012-13,>=6 Months,37.1,35.1 to 39.1,7551
Indiana,2012-13,>=6 Months,36.9,35.5 to 38.3,9666
Iowa,2012-13,>=6 Months,46.5,44.7 to 48.3,7337
Kansas,2012-13,>=6 Months,36.9,35.7 to 38.1,14699
Kentucky,2012-13,>=6 Months,41.3,39.6 to 43.0,9627
Louisiana,2012-13,>=6 Months,37.5,35.6 to 39.4,7898
Maine,2012-13,>=6 Months,44,42.5 to 45.5,8597
Maryland,2012-13,>=6 Months,44.8,42.9 to 46.7,11586
Massachusetts,2012-13,>=6 Months,49.1,47.7 to 50.5,16993
Michigan,2012-13,>=6 Months,35.5,34.1 to 36.9,11009
Minnesota,2012-13,>=6 Months,46.1,44.7 to 47.5,11703
Mississippi,2012-13,>=6 Months,33.8,32.0 to 35.6,7450
Missouri,2012-13,>=6 Months,40.9,38.9 to 42.9,6345
Montana,2012-13,>=6 Months,36.8,35.2 to 38.4,8884
Nebraska,2012-13,>=6 Months,43.9,42.3 to 45.5,12116
Nevada,2012-13,>=6 Months,31.5,29.3 to 33.7,5851
New Hampshire,2012-13,>=6 Months,43,41.2 to 44.8,7922
New Jersey,2012-13,>=6 Months,38.1,36.6 to 39.6,12219
New Mexico,2012-13,>=6 Months,40.3,38.5 to 42.1,7996
New York,2012-13,>=6 Months,39.1,37.6 to 40.6,9646
North Carolina,2012-13,>=6 Months,42.8,41.2 to 44.4,8573
North Dakota,2012-13,>=6 Months,44.2,42.4 to 46.0,6886
Ohio,2012-13,>=6 Months,38.3,36.8 to 39.8,11102
Oklahoma,2012-13,>=6 Months,38.2,36.5 to 39.9,6978
Oregon,2012-13,>=6 Months,34.4,32.7 to 36.1,6090
Pennsylvania,2012-13,>=6 Months,39.7,38.2 to 41.2,14907
Rhode Island,2012-13,>=6 Months,48.4,45.8 to 51.0,5067
South Carolina,2012-13,>=6 Months,37.6,36.1 to 39.1,11504
South Dakota,2012-13,>=6 Months,50.9,47.5 to 54.3,6674
Tennessee,2012-13,>=6 Months,44.7,42.8 to 46.6,6900
Texas,2012-13,>=6 Months,35.7,34.2 to 37.2,16032
Utah,2012-13,>=6 Months,37.7,35.8 to 39.6,7915
Vermont,2012-13,>=6 Months,42.7,40.9 to 44.5,6665
Virginia,2012-13,>=6 Months,43.2,41.4 to 45.0,8929
Washington,2012-13,>=6 Months,38.7,37.3 to 40.1,11332
West Virginia,2012-13,>=6 Months,43.1,41.4 to 44.8,6252
Wisconsin,2012-13,>=6 Months,37,34.7 to 39.3,5057
Wyoming,2012-13,>=6 Months,34.7,32.5 to 36.9,5509
Alabama,2013-14,>=6 Months,41.2,39.5 to 42.9,8678
Alaska,2013-14,>=6 Months,35.3,33.3 to 37.3,6177
Arizona,2013-14,>=6 Months,32.8,31.1 to 34.5,9278
Arkansas,2013-14,>=6 Months,42.9,40.9 to 44.9,6216
California,2013-14,>=6 Months,NR,NR,5854
Colorado,2013-14,>=6 Months,46.3,45.0 to 47.6,12606
Connecticut,2013-14,>=6 Months,46.4,44.2 to 48.6,7376
Delaware,2013-14,>=6 Months,43.9,41.8 to 46.0,6091
District of Columbia,2013-14,>=6 Months,40.7,38.1 to 43.3,5565
Florida,2013-14,>=6 Months,31.6,30.3 to 32.9,18220
Georgia,2013-14,>=6 Months,34.1,32.4 to 35.8,7157
Hawaii,2013-14,>=6 Months,44.9,42.8 to 47.0,7663
Idaho,2013-14,>=6 Months,33.6,31.8 to 35.4,6815
Illinois,2013-14,>=6 Months,38.6,36.8 to 40.4,8974
Indiana,2013-14,>=6 Months,36.3,34.9 to 37.7,10349
Iowa,2013-14,>=6 Months,44.7,43.1 to 46.3,8423
Kansas,2013-14,>=6 Months,42.9,41.6 to 44.2,14725
Kentucky,2013-14,>=6 Months,41.8,40.2 to 43.4,10716
Louisiana,2013-14,>=6 Months,37.1,35.3 to 38.9,7728
Maine,2013-14,>=6 Months,43.9,42.5 to 45.3,8805
Maryland,2013-14,>=6 Months,42.9,40.5 to 45.3,11734
Massachusetts,2013-14,>=6 Months,48.8,47.0 to 50.6,10324
Michigan,2013-14,>=6 Months,38.1,36.7 to 39.5,10921
Minnesota,2013-14,>=6 Months,48.4,47.1 to 49.7,15917
Mississippi,2013-14,>=6 Months,34.5,32.2 to 36.8,5768
Missouri,2013-14,>=6 Months,42.7,40.9 to 44.5,7387
Montana,2013-14,>=6 Months,37.9,36.3 to 39.5,8780
Nebraska,2013-14,>=6 Months,45.8,44.3 to 47.3,16218
Nevada,2013-14,>=6 Months,31.2,29.1 to 33.3,5841
New Hampshire,2013-14,>=6 Months,43.8,42.1 to 45.5,7494
New Jersey,2013-14,>=6 Months,41.4,39.9 to 42.9,12630
New Mexico,2013-14,>=6 Months,41.5,39.8 to 43.2,9853
New York,2013-14,>=6 Months,41.9,40.3 to 43.5,10442
North Carolina,2013-14,>=6 Months,44.6,42.9 to 46.3,7571
North Dakota,2013-14,>=6 Months,44.6,42.6 to 46.6,7920
Ohio,2013-14,>=6 Months,39.8,38.4 to 41.2,12068
Oklahoma,2013-14,>=6 Months,39.7,37.9 to 41.5,8454
Oregon,2013-14,>=6 Months,35.6,33.3 to 37.9,5641
Pennsylvania,2013-14,>=6 Months,41.3,39.9 to 42.7,14321
Rhode Island,2013-14,>=6 Months,48.8,46.7 to 50.9,6848
South Carolina,2013-14,>=6 Months,38.3,36.9 to 39.7,10826
South Dakota,2013-14,>=6 Months,53.6,51.1 to 56.1,7329
Tennessee,2013-14,>=6 Months,44.6,42.2 to 47.0,5428
Texas,2013-14,>=6 Months,39,37.4 to 40.6,20873
Utah,2013-14,>=6 Months,37.1,35.7 to 38.5,15401
Vermont,2013-14,>=6 Months,45.6,43.7 to 47.5,7492
Virginia,2013-14,>=6 Months,45.2,43.5 to 46.9,9414
Washington,2013-14,>=6 Months,41.1,39.6 to 42.6,10040
West Virginia,2013-14,>=6 Months,47.2,45.5 to 48.9,6998
Wisconsin,2013-14,>=6 Months,38.1,36.3 to 39.9,7150
Wyoming,2013-14,>=6 Months,34.5,32.6 to 36.4,6933
Alabama,2014-15,>=6 Months,40,38.2 to 41.8,9092
Alaska,2014-15,>=6 Months,38,35.6 to 40.4,5223
Arizona,2014-15,>=6 Months,35.4,33.8 to 37.0,10518
Arkansas,2014-15,>=6 Months,43.8,41.7 to 45.9,5875
California,2014-15,>=6 Months,37.4,35.6 to 39.2,10590
Colorado,2014-15,>=6 Months,44.8,43.1 to 46.5,10314
Connecticut,2014-15,>=6 Months,47.6,45.6 to 49.6,8006
Delaware,2014-15,>=6 Months,45.8,42.9 to 48.7,5041
District of Columbia,2014-15,>=6 Months,38.6,35.9 to 41.3,4699
Florida,2014-15,>=6 Months,33.5,32.1 to 34.9,9449
Georgia,2014-15,>=6 Months,37.8,35.7 to 39.9,5898
Hawaii,2014-15,>=6 Months,43.4,41.2 to 45.6,7767
Idaho,2014-15,>=6 Months,38.4,36.5 to 40.3,5784
Illinois,2014-15,>=6 Months,38,36.4 to 39.6,8915
Indiana,2014-15,>=6 Months,40.2,38.2 to 42.2,8699
Iowa,2014-15,>=6 Months,49.5,47.8 to 51.2,7171
Kansas,2014-15,>=6 Months,43.9,42.5 to 45.3,15833
Kentucky,2014-15,>=6 Months,45.1,43.0 to 47.2,8849
Louisiana,2014-15,>=6 Months,38.6,36.2 to 41.0,5428
Maine,2014-15,>=6 Months,45.1,43.6 to 46.6,9164
Maryland,2014-15,>=6 Months,47,45.2 to 48.8,12185
Massachusetts,2014-15,>=6 Months,49,46.9 to 51.1,11895
Michigan,2014-15,>=6 Months,40.3,38.7 to 41.9,7761
Minnesota,2014-15,>=6 Months,47.7,46.5 to 48.9,16204
Mississippi,2014-15,>=6 Months,39,37.2 to 40.8,6825
Missouri,2014-15,>=6 Months,44.7,43.0 to 46.4,7795
Montana,2014-15,>=6 Months,40,38.1 to 41.9,7110
Nebraska,2014-15,>=6 Months,49,47.5 to 50.5,18352
Nevada,2014-15,>=6 Months,33.2,30.9 to 35.5,4813
New Hampshire,2014-15,>=6 Months,47.4,45.3 to 49.5,6340
New Jersey,2014-15,>=6 Months,42.6,40.9 to 44.3,10483
New Mexico,2014-15,>=6 Months,43.1,41.0 to 45.2,7170
New York,2014-15,>=6 Months,43.1,41.8 to 44.4,13226
North Carolina,2014-15,>=6 Months,46.1,44.1 to 48.1,7017
North Dakota,2014-15,>=6 Months,47.5,45.5 to 49.5,6060
Ohio,2014-15,>=6 Months,41.9,40.3 to 43.5,9902
Oklahoma,2014-15,>=6 Months,44.8,43.0 to 46.6,7393
Oregon,2014-15,>=6 Months,39,37.1 to 40.9,6443
Pennsylvania,2014-15,>=6 Months,44.7,42.8 to 46.6,11990
Rhode Island,2014-15,>=6 Months,53.7,51.6 to 55.8,7015
South Carolina,2014-15,>=6 Months,40.3,38.7 to 41.9,9708
South Dakota,2014-15,>=6 Months,56,53.5 to 58.5,7582
Tennessee,2014-15,>=6 Months,43.7,41.7 to 45.7,6192
Texas,2014-15,>=6 Months,43.9,42.3 to 45.5,22940
Utah,2014-15,>=6 Months,42,38.4 to 45.6,8418
Vermont,2014-15,>=6 Months,47,45.0 to 49.0,7122
Virginia,2014-15,>=6 Months,46.3,44.5 to 48.1,9953
Washington,2014-15,>=6 Months,43.3,42.0 to 44.6,11930
West Virginia,2014-15,>=6 Months,47.1,45.3 to 48.9,7024
Wisconsin,2014-15,>=6 Months,41.2,38.9 to 43.5,5535
Wyoming,2014-15,>=6 Months,36.1,34.2 to 38.0,6660
Alabama,2015-16,>=6 Months,38.3,36.5 to 40.1,7822
Alaska,2015-16,>=6 Months,33.8,31.6 to 36.0,4740
Arizona,2015-16,>=6 Months,36,34.6 to 37.4,9739
Arkansas,2015-16,>=6 Months,40,37.9 to 42.1,5694
California,2015-16,>=6 Months,36.6,34.9 to 38.3,9488
Colorado,2015-16,>=6 Months,42.8,41.3 to 44.3,10600
Connecticut,2015-16,>=6 Months,47.7,46.1 to 49.3,11758
Delaware,2015-16,>=6 Months,45.2,42.6 to 47.8,5144
District of Columbia,2015-16,>=6 Months,38.5,35.0 to 42.0,4624
Florida,2015-16,>=6 Months,32.6,31.3 to 33.9,15430
Georgia,2015-16,>=6 Months,36,34.2 to 37.8,5874
Hawaii,2015-16,>=6 Months,40.7,38.5 to 42.9,7604
Idaho,2015-16,>=6 Months,34.6,32.8 to 36.4,6052
Illinois,2015-16,>=6 Months,37.8,35.9 to 39.7,7893
Indiana,2015-16,>=6 Months,38.7,37.1 to 40.3,6760
Iowa,2015-16,>=6 Months,47.9,46.3 to 49.5,7436
Kansas,2015-16,>=6 Months,40.7,39.4 to 42.0,12767
Kentucky,2015-16,>=6 Months,39.8,38.2 to 41.4,8733
Louisiana,2015-16,>=6 Months,33.8,31.8 to 35.8,6240
Maine,2015-16,>=6 Months,43.6,42.1 to 45.1,9654
Maryland,2015-16,>=6 Months,45.2,43.8 to 46.6,14683
Massachusetts,2015-16,>=6 Months,43.8,41.5 to 46.1,7863
Michigan,2015-16,>=6 Months,36.7,35.2 to 38.2,9405
Minnesota,2015-16,>=6 Months,45.6,44.3 to 46.9,13846
Mississippi,2015-16,>=6 Months,35.6,33.8 to 37.4,6424
Missouri,2015-16,>=6 Months,42.9,41.2 to 44.6,7255
Montana,2015-16,>=6 Months,38.6,36.7 to 40.5,6873
Nebraska,2015-16,>=6 Months,44.5,43.2 to 45.8,13535
Nevada,2015-16,>=6 Months,32.2,29.7 to 34.7,3752
New Hampshire,2015-16,>=6 Months,44.9,43.0 to 46.8,6924
New Jersey,2015-16,>=6 Months,39.7,37.5 to 41.9,7818
New Mexico,2015-16,>=6 Months,41.6,39.6 to 43.6,6395
New York,2015-16,>=6 Months,42.3,41.0 to 43.6,22196
North Carolina,2015-16,>=6 Months,42.9,40.8 to 45.0,7226
North Dakota,2015-16,>=6 Months,44.2,42.3 to 46.1,5805
Ohio,2015-16,>=6 Months,38.6,37.3 to 39.9,10516
Oklahoma,2015-16,>=6 Months,41.2,39.5 to 42.9,6324
Oregon,2015-16,>=6 Months,37.3,35.3 to 39.3,5231
Pennsylvania,2015-16,>=6 Months,43.2,41.2 to 45.2,10370
Rhode Island,2015-16,>=6 Months,49.1,46.8 to 51.4,6784
South Carolina,2015-16,>=6 Months,39.2,37.8 to 40.6,11089
South Dakota,2015-16,>=6 Months,51.6,49.1 to 54.1,7041
Tennessee,2015-16,>=6 Months,40.7,38.7 to 42.7,5803
Texas,2015-16,>=6 Months,40,38.3 to 41.7,21564
Utah,2015-16,>=6 Months,39.8,38.0 to 41.6,8627
Vermont,2015-16,>=6 Months,46.3,44.4 to 48.2,6678
Virginia,2015-16,>=6 Months,43.9,42.2 to 45.6,9032
Washington,2015-16,>=6 Months,41.8,40.5 to 43.1,14147
West Virginia,2015-16,>=6 Months,44.2,42.6 to 45.8,7627
Wisconsin,2015-16,>=6 Months,38.6,36.6 to 40.6,5460
Wyoming,2015-16,>=6 Months,35.2,33.1 to 37.3,5668
Alabama,2016-17,>=6 Months,38,36.3 to 39.7,7901
Alaska,2016-17,>=6 Months,33.2,30.6 to 35.8,4998
Arizona,2016-17,>=6 Months,36,34.7 to 37.3,11261
Arkansas,2016-17,>=6 Months,41.4,39.1 to 43.7,6418
California,2016-17,>=6 Months,39.8,37.4 to 42.2,8010
Colorado,2016-17,>=6 Months,42.5,41.1 to 43.9,10103
Connecticut,2016-17,>=6 Months,47.3,45.9 to 48.7,11507
Delaware,2016-17,>=6 Months,45.6,42.8 to 48.4,4687
District of Columbia,2016-17,>=6 Months,42.3,39.4 to 45.2,5244
Florida,2016-17,>=6 Months,34.5,33.4 to 35.6,29185
Georgia,2016-17,>=6 Months,36.7,34.8 to 38.6,5679
Hawaii,2016-17,>=6 Months,38.2,36.6 to 39.8,8487
Idaho,2016-17,>=6 Months,34.5,32.6 to 36.4,5946
Illinois,2016-17,>=6 Months,38,35.8 to 40.2,6936
Indiana,2016-17,>=6 Months,37.8,36.5 to 39.1,11326
Iowa,2016-17,>=6 Months,46.3,44.8 to 47.8,8060
Kansas,2016-17,>=6 Months,39.4,38.1 to 40.7,11878
Kentucky,2016-17,>=6 Months,38.9,37.3 to 40.5,8883
Louisiana,2016-17,>=6 Months,32.3,30.6 to 34.0,7098
Maine,2016-17,>=6 Months,44.2,42.7 to 45.7,10018
Maryland,2016-17,>=6 Months,46.2,44.7 to 47.7,15289
Massachusetts,2016-17,>=6 Months,45.2,43.2 to 47.2,8972
Michigan,2016-17,>=6 Months,38.6,37.0 to 40.2,10029
Minnesota,2016-17,>=6 Months,45.8,44.5 to 47.1,12263
Mississippi,2016-17,>=6 Months,34.3,32.5 to 36.1,6648
Missouri,2016-17,>=6 Months,42.8,40.4 to 45.2,5723
Montana,2016-17,>=6 Months,37.9,35.1 to 40.7,4944
Nebraska,2016-17,>=6 Months,46.6,45.2 to 48.0,12035
Nevada,2016-17,>=6 Months,30.6,28.6 to 32.6,5719
New Hampshire,2016-17,>=6 Months,45.2,43.3 to 47.1,7000
New Jersey,2016-17,>=6 Months,41.3,39.5 to 43.1,8682
New Mexico,2016-17,>=6 Months,41.6,39.4 to 43.8,6342
New York,2016-17,>=6 Months,42.3,41.0 to 43.6,20948
North Carolina,2016-17,>=6 Months,42.9,40.9 to 44.9,6668
North Dakota,2016-17,>=6 Months,42.7,41.1 to 44.3,7130
Ohio,2016-17,>=6 Months,40.2,38.8 to 41.6,10327
Oklahoma,2016-17,>=6 Months,40.6,38.8 to 42.4,6511
Oregon,2016-17,>=6 Months,34.5,32.9 to 36.1,6492
Pennsylvania,2016-17,>=6 Months,45.6,43.3 to 47.9,9292
Rhode Island,2016-17,>=6 Months,48.6,46.5 to 50.7,6723
South Carolina,2016-17,>=6 Months,40,38.6 to 41.4,10801
South Dakota,2016-17,>=6 Months,48.5,46.0 to 51.0,6350
Tennessee,2016-17,>=6 Months,37,35.1 to 38.9,6367
Texas,2016-17,>=6 Months,36.3,34.7 to 37.9,23340
Utah,2016-17,>=6 Months,38.9,37.3 to 40.5,10503
Vermont,2016-17,>=6 Months,42.4,40.6 to 44.2,7526
Virginia,2016-17,>=6 Months,43,41.3 to 44.7,8821
Washington,2016-17,>=6 Months,41.5,40.3 to 42.7,14690
West Virginia,2016-17,>=6 Months,44,42.3 to 45.7,7184
Wisconsin,2016-17,>=6 Months,38.8,36.8 to 40.8,5732
Wyoming,2016-17,>=6 Months,34.8,32.9 to 36.7,6294
Alabama,2017-18,>=6 Months,35.6,34.1 to 37.1,7547
Alaska,2017-18,>=6 Months,32.9,30.2 to 35.6,3690
Arizona,2017-18,>=6 Months,32.4,31.1 to 33.7,12285
Arkansas,2017-18,>=6 Months,37.1,35.2 to 39.0,6287
California,2017-18,>=6 Months,33.1,31.9 to 34.3,10838
Colorado,2017-18,>=6 Months,38.8,37.4 to 40.2,7765
Connecticut,2017-18,>=6 Months,40.6,39.2 to 42.0,9648
Delaware,2017-18,>=6 Months,41.4,39.7 to 43.1,6437
District of Columbia,2017-18,>=6 Months,NR,NR,4122
Florida,2017-18,>=6 Months,28.8,27.5 to 30.1,13044
Georgia,2017-18,>=6 Months,31.6,30.4 to 32.8,9328
Hawaii,2017-18,>=6 Months,33.6,32.1 to 35.1,7481
Idaho,2017-18,>=6 Months,32.1,30.0 to 34.2,4391
Illinois,2017-18,>=6 Months,34.8,33.3 to 36.3,8472
Indiana,2017-18,>=6 Months,32.5,31.1 to 33.9,9863
Iowa,2017-18,>=6 Months,42.8,41.3 to 44.3,7712
Kansas,2017-18,>=6 Months,36.4,35.1 to 37.7,13771
Kentucky,2017-18,>=6 Months,38,36.4 to 39.6,8375
Louisiana,2017-18,>=6 Months,27.5,25.4 to 29.6,4291
Maine,2017-18,>=6 Months,36.6,35.1 to 38.1,9298
Maryland,2017-18,>=6 Months,42,40.7 to 43.3,14178
Massachusetts,2017-18,>=6 Months,42.5,40.7 to 44.3,7426
Michigan,2017-18,>=6 Months,34.3,32.9 to 35.7,7542
Minnesota,2017-18,>=6 Months,42.9,41.8 to 44.0,17022
Mississippi,2017-18,>=6 Months,33.3,31.5 to 35.1,6283
Missouri,2017-18,>=6 Months,37.3,35.5 to 39.1,5994
Montana,2017-18,>=6 Months,35.6,33.3 to 37.9,4892
Nebraska,2017-18,>=6 Months,42.1,40.7 to 43.5,13038
Nevada,2017-18,>=6 Months,31.7,29.5 to 33.9,4645
New Hampshire,2017-18,>=6 Months,38.4,36.7 to 40.1,6233
New Jersey,2017-18,>=6 Months,41.6,39.7 to 43.5,9526
New Mexico,2017-18,>=6 Months,35.6,33.9 to 37.3,7400
New York,2017-18,>=6 Months,33.7,32.7 to 34.7,22031
North Carolina,2017-18,>=6 Months,40.9,39.0 to 42.8,5342
North Dakota,2017-18,>=6 Months,40.6,38.1 to 43.1,4798
Ohio,2017-18,>=6 Months,36.9,35.8 to 38.0,12801
Oklahoma,2017-18,>=6 Months,38.8,37.2 to 40.4,6536
Oregon,2017-18,>=6 Months,34.4,32.8 to 36.0,5197
Pennsylvania,2017-18,>=6 Months,39.5,37.1 to 41.9,7117
Rhode Island,2017-18,>=6 Months,42.6,40.7 to 44.5,6250
South Carolina,2017-18,>=6 Months,36.3,34.9 to 37.7,10267
South Dakota,2017-18,>=6 Months,44.3,42.4 to 46.2,8116
Tennessee,2017-18,>=6 Months,31.2,29.4 to 33.0,4963
Texas,2017-18,>=6 Months,31.4,30.0 to 32.8,18715
Utah,2017-18,>=6 Months,34,32.6 to 35.4,9382
Vermont,2017-18,>=6 Months,39.2,37.5 to 40.9,6936
Virginia,2017-18,>=6 Months,41,39.6 to 42.4,9944
Washington,2017-18,>=6 Months,41.5,40.2 to 42.8,10814
West Virginia,2017-18,>=6 Months,42.4,40.6 to 44.2,6542
Wisconsin,2017-18,>=6 Months,35.8,34.1 to 37.5,6323
Wyoming,2017-18,>=6 Months,32,30.3 to 33.7,5306
Alabama,2018-19,>=6 Months,40.3,38.7 to 41.9,7966
Alaska,2018-19,>=6 Months,35.7,33.4 to 38.0,4169
Arizona,2018-19,>=6 Months,38.6,36.8 to 40.4,8714
Arkansas,2018-19,>=6 Months,42.8,40.6 to 45.0,5247
California,2018-19,>=6 Months,38.4,37.0 to 39.8,9857
Colorado,2018-19,>=6 Months,44.5,43.1 to 45.9,9421
Connecticut,2018-19,>=6 Months,49.5,48.0 to 51.0,9274
Delaware,2018-19,>=6 Months,44.8,42.4 to 47.2,5758
District of Columbia,2018-19,>=6 Months,NR,NR,
Florida,2018-19,>=6 Months,33.9,32.6 to 35.2,18806
Georgia,2018-19,>=6 Months,34.8,32.0 to 37.6,7319
Hawaii,2018-19,>=6 Months,38.5,36.9 to 40.1,8433
Idaho,2018-19,>=6 Months,38.3,35.8 to 40.8,3728
Illinois,2018-19,>=6 Months,39.3,37.5 to 41.1,8441
Indiana,2018-19,>=6 Months,41.5,40.1 to 42.9,9254
Iowa,2018-19,>=6 Months,50,48.6 to 51.4,8797
Kansas,2018-19,>=6 Months,46.2,44.7 to 47.7,10097
Kentucky,2018-19,>=6 Months,42.4,40.4 to 44.4,5619
Louisiana,2018-19,>=6 Months,34.1,32.1 to 36.1,5407
Maine,2018-19,>=6 Months,43.7,42.2 to 45.2,10246
Maryland,2018-19,>=6 Months,48.3,47.1 to 49.5,16938
Massachusetts,2018-19,>=6 Months,50.1,48.6 to 51.6,7770
Michigan,2018-19,>=6 Months,39.9,38.5 to 41.3,9132
Minnesota,2018-19,>=6 Months,46.5,45.2 to 47.8,10694
Mississippi,2018-19,>=6 Months,36.6,34.7 to 38.5,6900
Missouri,2018-19,>=6 Months,43.6,42.0 to 45.2,8597
Montana,2018-19,>=6 Months,41.3,39.6 to 43.0,6666
Nebraska,2018-19,>=6 Months,47.9,46.4 to 49.4,11617
Nevada,2018-19,>=6 Months,33.4,29.9 to 36.9,3854
New Hampshire,2018-19,>=6 Months,44.7,42.7 to 46.7,6144
New Jersey,2018-19,>=6 Months,NR,NR,
New Mexico,2018-19,>=6 Months,41.9,39.9 to 43.9,7277
New York,2018-19,>=6 Months,43,41.8 to 44.2,23398
North Carolina,2018-19,>=6 Months,46.3,44.4 to 48.2,6767
North Dakota,2018-19,>=6 Months,46.1,44.3 to 47.9,7313
Ohio,2018-19,>=6 Months,43.7,42.3 to 45.1,12308
Oklahoma,2018-19,>=6 Months,43.9,42.1 to 45.7,7087
Oregon,2018-19,>=6 Months,40,38.4 to 41.6,6325
Pennsylvania,2018-19,>=6 Months,47.3,45.8 to 48.8,11333
Rhode Island,2018-19,>=6 Months,51.1,49.1 to 53.1,6699
South Carolina,2018-19,>=6 Months,39.3,37.6 to 41.0,9389
South Dakota,2018-19,>=6 Months,48.9,46.6 to 51.2,7179
Tennessee,2018-19,>=6 Months,41.3,39.3 to 43.3,5775
Texas,2018-19,>=6 Months,39.7,38.3 to 41.1,20511
Utah,2018-19,>=6 Months,40.2,38.8 to 41.6,10046
Vermont,2018-19,>=6 Months,47.1,45.2 to 49.0,7170
Virginia,2018-19,>=6 Months,47.4,45.9 to 48.9,11249
Washington,2018-19,>=6 Months,47,45.6 to 48.4,12131
West Virginia,2018-19,>=6 Months,42.8,41.1 to 44.5,6964
Wisconsin,2018-19,>=6 Months,44.4,42.3 to 46.5,5561
Wyoming,2018-19,>=6 Months,36,34.0 to 38.0,5447
Alabama,2019-20,>=6 Months,43.1,41.4 to 44.8,6564
Alaska,2019-20,>=6 Months,39.5,37.0 to 42.0,4866
Arizona,2019-20,>=6 Months,40.5,39.0 to 42.0,9168
Arkansas,2019-20,>=6 Months,49.7,47.8 to 51.6,7657
California,2019-20,>=6 Months,45,42.0 to 48.0,7935
Colorado,2019-20,>=6 Months,48.3,46.8 to 49.8,7743
Connecticut,2019-20,>=6 Months,53.8,52.3 to 55.3,9447
Delaware,2019-20,>=6 Months,47,44.7 to 49.3,5981
District of Columbia,2019-20,>=6 Months,54.9,49.8 to 60.0,4255
Florida,2019-20,>=6 Months,37.6,35.8 to 39.4,9646
Georgia,2019-20,>=6 Months,39.5,38.1 to 40.9,12879
Hawaii,2019-20,>=6 Months,40.5,39.1 to 41.9,8861
Idaho,2019-20,>=6 Months,40.1,38.4 to 41.8,9161
Illinois,2019-20,>=6 Months,46.8,44.6 to 49.0,7739
Indiana,2019-20,>=6 Months,45.7,44.3 to 47.1,9074
Iowa,2019-20,>=6 Months,51.7,50.3 to 53.1,8848
Kansas,2019-20,>=6 Months,49.9,48.2 to 51.6,8326
Kentucky,2019-20,>=6 Months,45.3,42.2 to 48.4,5520
Louisiana,2019-20,>=6 Months,41.1,38.2 to 44.0,5898
Maine,2019-20,>=6 Months,49.5,48.2 to 50.8,12863
Maryland,2019-20,>=6 Months,49.8,48.6 to 51.0,17920
Massachusetts,2019-20,>=6 Months,54.2,52.7 to 55.7,8999
Michigan,2019-20,>=6 Months,43.1,40.6 to 45.6,7568
Minnesota,2019-20,>=6 Months,51.3,50.2 to 52.4,14901
Mississippi,2019-20,>=6 Months,40.1,38.0 to 42.2,6904
Missouri,2019-20,>=6 Months,45.5,43.8 to 47.2,8808
Montana,2019-20,>=6 Months,44.2,42.5 to 45.9,7506
Nebraska,2019-20,>=6 Months,51.9,50.3 to 53.5,10840
Nevada,2019-20,>=6 Months,39.7,36.0 to 43.4,5311
New Hampshire,2019-20,>=6 Months,52,50.3 to 53.7,7503
New Jersey,2019-20,>=6 Months,47.8,46.0 to 49.6,4940
New Mexico,2019-20,>=6 Months,45.8,44.0 to 47.6,9484
New York,2019-20,>=6 Months,46.1,44.9 to 47.3,16840
North Carolina,2019-20,>=6 Months,49.8,48.0 to 51.6,5869
North Dakota,2019-20,>=6 Months,51,48.7 to 53.3,5247
Ohio,2019-20,>=6 Months,44.5,43.2 to 45.8,12955
Oklahoma,2019-20,>=6 Months,47.7,45.8 to 49.6,5946
Oregon,2019-20,>=6 Months,44.5,43.1 to 45.9,7770
Pennsylvania,2019-20,>=6 Months,49.8,48.2 to 51.4,9440
Rhode Island,2019-20,>=6 Months,53.3,51.1 to 55.5,6336
South Carolina,2019-20,>=6 Months,44,41.7 to 46.3,5987
South Dakota,2019-20,>=6 Months,52.6,50.7 to 54.5,9132
Tennessee,2019-20,>=6 Months,43.6,41.3 to 45.9,5127
Texas,2019-20,>=6 Months,39.8,38.3 to 41.3,17481
Utah,2019-20,>=6 Months,45.8,44.2 to 47.4,8039
Vermont,2019-20,>=6 Months,51.2,49.5 to 52.9,9159
Virginia,2019-20,>=6 Months,51.3,49.8 to 52.8,11258
Washington,2019-20,>=6 Months,49.5,48.2 to 50.8,13651
West Virginia,2019-20,>=6 Months,45.9,44.1 to 47.7,6411
Wisconsin,2019-20,>=6 Months,51.8,49.2 to 54.4,4604
Wyoming,2019-20,>=6 Months,41.8,39.5 to 44.1,5282
Alabama,2010-11,>=18 Years,35.2,33.0 to 37.4,6154
Alaska,2010-11,>=18 Years,29.9,26.8 to 33.0,2366
Arizona,2010-11,>=18 Years,33,30.3 to 35.7,5555
Arkansas,2010-11,>=18 Years,35.8,32.9 to 38.7,3645
California,2010-11,>=18 Years,29.7,28.5 to 30.9,13904
Colorado,2010-11,>=18 Years,36.5,34.7 to 38.3,8367
Connecticut,2010-11,>=18 Years,40.1,38.1 to 42.1,6840
Delaware,2010-11,>=18 Years,38.3,35.6 to 41.0,3406
District of Columbia,2010-11,>=18 Years,35.8,32.9 to 38.7,3334
Florida,2010-11,>=18 Years,31.3,29.5 to 33.1,20113
Georgia,2010-11,>=18 Years,35.8,33.1 to 38.5,5151
Hawaii,2010-11,>=18 Years,36.4,34.0 to 38.8,5191
Idaho,2010-11,>=18 Years,32.4,30.0 to 34.8,4659
Illinois,2010-11,>=18 Years,31.5,28.6 to 34.4,4443
Indiana,2010-11,>=18 Years,35,33.0 to 37.0,8961
Iowa,2010-11,>=18 Years,46,43.6 to 48.4,5364
Kansas,2010-11,>=18 Years,42.3,40.7 to 43.9,10430
Kentucky,2010-11,>=18 Years,40.3,38.1 to 42.5,7276
Louisiana,2010-11,>=18 Years,37.5,35.5 to 39.5,7831
Maine,2010-11,>=18 Years,40.2,38.6 to 41.8,9223
Maryland,2010-11,>=18 Years,39.6,37.6 to 41.6,7700
Massachusetts,2010-11,>=18 Years,42.7,40.9 to 44.5,15104
Michigan,2010-11,>=18 Years,34.4,32.4 to 36.4,7438
Minnesota,2010-11,>=18 Years,42.7,40.7 to 44.7,8887
Mississippi,2010-11,>=18 Years,34.3,32.3 to 36.3,7448
Missouri,2010-11,>=18 Years,38.2,35.7 to 40.7,4896
Montana,2010-11,>=18 Years,33.8,32.0 to 35.6,6910
Nebraska,2010-11,>=18 Years,41.4,39.8 to 43.0,15970
Nevada,2010-11,>=18 Years,26.1,22.6 to 29.6,2616
New Hampshire,2010-11,>=18 Years,38.2,36.2 to 40.2,5461
New Jersey,2010-11,>=18 Years,33.2,31.6 to 34.8,11388
New Mexico,2010-11,>=18 Years,38.6,36.4 to 40.8,7010
New York,2010-11,>=18 Years,36.4,34.4 to 38.4,7795
North Carolina,2010-11,>=18 Years,38.1,35.6 to 40.6,7548
North Dakota,2010-11,>=18 Years,40.3,37.8 to 42.8,4114
Ohio,2010-11,>=18 Years,37.1,35.3 to 38.9,7624
Oklahoma,2010-11,>=18 Years,39.3,37.3 to 41.3,6272
Oregon,2010-11,>=18 Years,31.5,29.3 to 33.7,4167
Pennsylvania,2010-11,>=18 Years,36.3,34.5 to 38.1,9216
Rhode Island,2010-11,>=18 Years,41.6,39.6 to 43.6,5629
South Carolina,2010-11,>=18 Years,38.4,36.0 to 40.8,8330
South Dakota,2010-11,>=18 Years,49.6,45.9 to 53.3,5271
Tennessee,2010-11,>=18 Years,40.4,37.9 to 42.9,5149
Texas,2010-11,>=18 Years,34.6,32.6 to 36.6,13731
Utah,2010-11,>=18 Years,38.4,36.4 to 40.4,8503
Vermont,2010-11,>=18 Years,41.3,39.3 to 43.3,5942
Virginia,2010-11,>=18 Years,43.9,41.2 to 46.6,5081
Washington,2010-11,>=18 Years,36.7,35.3 to 38.1,16254
West Virginia,2010-11,>=18 Years,42.7,40.3 to 45.1,3878
Wisconsin,2010-11,>=18 Years,33.9,31.5 to 36.3,4935
Wyoming,2010-11,>=18 Years,35.5,33.3 to 37.7,5089
Alabama,2011-12,>=18 Years,34.9,33.1 to 36.7,6886
Alaska,2011-12,>=18 Years,29.5,26.8 to 32.2,2836
Arizona,2011-12,>=18 Years,31.8,29.4 to 34.2,5310
Arkansas,2011-12,>=18 Years,35.7,33.2 to 38.2,4042
California,2011-12,>=18 Years,30,28.2 to 31.8,8385
Colorado,2011-12,>=18 Years,37.7,36.1 to 39.3,10123
Connecticut,2011-12,>=18 Years,38.9,36.9 to 40.9,6284
Delaware,2011-12,>=18 Years,38.8,36.4 to 41.2,4067
District of Columbia,2011-12,>=18 Years,34.8,32.4 to 37.2,3646
Florida,2011-12,>=18 Years,29.6,27.2 to 32.0,6192
Georgia,2011-12,>=18 Years,30.2,28.4 to 32.0,6586
Hawaii,2011-12,>=18 Years,36.1,33.9 to 38.3,5753
Idaho,2011-12,>=18 Years,28.8,26.4 to 31.2,4884
Illinois,2011-12,>=18 Years,32.3,30.1 to 34.5,4348
Indiana,2011-12,>=18 Years,35.1,33.3 to 36.9,6023
Iowa,2011-12,>=18 Years,44.6,42.8 to 46.4,5679
Kansas,2011-12,>=18 Years,40,38.8 to 41.2,13786
Kentucky,2011-12,>=18 Years,37,35.4 to 38.6,9293
Louisiana,2011-12,>=18 Years,33.9,31.9 to 35.9,7002
Maine,2011-12,>=18 Years,39.2,37.6 to 40.8,9110
Maryland,2011-12,>=18 Years,37.9,35.9 to 39.9,9582
Massachusetts,2011-12,>=18 Years,40.8,39.4 to 42.2,18326
Michigan,2011-12,>=18 Years,33.6,31.8 to 35.4,7883
Minnesota,2011-12,>=18 Years,42.7,41.3 to 44.1,13353
Mississippi,2011-12,>=18 Years,34.4,32.6 to 36.2,6051
Missouri,2011-12,>=18 Years,38,35.6 to 40.4,4348
Montana,2011-12,>=18 Years,31.4,29.6 to 33.2,7180
Nebraska,2011-12,>=18 Years,40,39.0 to 41.0,20129
Nevada,2011-12,>=18 Years,25.1,22.7 to 27.5,4500
New Hampshire,2011-12,>=18 Years,37.7,35.7 to 39.7,5323
New Jersey,2011-12,>=18 Years,32.7,31.1 to 34.3,10863
New Mexico,2011-12,>=18 Years,34.7,32.9 to 36.5,6813
New York,2011-12,>=18 Years,34.3,32.3 to 36.3,5369
North Carolina,2011-12,>=18 Years,38.5,37.1 to 39.9,11514
North Dakota,2011-12,>=18 Years,38.4,36.2 to 40.6,3979
Ohio,2011-12,>=18 Years,37.3,35.7 to 38.9,8244
Oklahoma,2011-12,>=18 Years,38,36.2 to 39.8,6329
Oregon,2011-12,>=18 Years,33.3,31.5 to 35.1,4767
Pennsylvania,2011-12,>=18 Years,37.4,36.0 to 38.8,13347
Rhode Island,2011-12,>=18 Years,38.5,36.3 to 40.7,5159
South Carolina,2011-12,>=18 Years,34.6,33.0 to 36.2,10513
South Dakota,2011-12,>=18 Years,46.1,42.6 to 49.6,4191
Tennessee,2011-12,>=18 Years,41.5,37.2 to 45.8,5060
Texas,2011-12,>=18 Years,32.6,30.8 to 34.4,8775
Utah,2011-12,>=18 Years,36.7,35.1 to 38.3,8210
Vermont,2011-12,>=18 Years,39.5,37.5 to 41.5,5400
Virginia,2011-12,>=18 Years,40.2,38.0 to 42.4,4925
Washington,2011-12,>=18 Years,34.8,33.4 to 36.2,12667
West Virginia,2011-12,>=18 Years,44.6,42.6 to 46.6,4376
Wisconsin,2011-12,>=18 Years,35,32.3 to 37.7,3430
Wyoming,2011-12,>=18 Years,32.1,29.7 to 34.5,5198
Alabama,2012-13,>=18 Years,37.4,35.2 to 39.6,5736
Alaska,2012-13,>=18 Years,29.9,27.5 to 32.3,3187
Arizona,2012-13,>=18 Years,28.9,26.5 to 31.3,4812
Arkansas,2012-13,>=18 Years,38,35.6 to 40.4,3919
California,2012-13,>=18 Years,31.7,29.9 to 33.5,7297
Colorado,2012-13,>=18 Years,39.9,38.5 to 41.3,9612
Connecticut,2012-13,>=18 Years,36.2,34.2 to 38.2,6066
Delaware,2012-13,>=18 Years,41.1,38.9 to 43.3,4474
District of Columbia,2012-13,>=18 Years,34.2,31.7 to 36.7,2963
Florida,2012-13,>=18 Years,25.2,23.4 to 27.0,14794
Georgia,2012-13,>=18 Years,31.3,29.5 to 33.1,5483
Hawaii,2012-13,>=18 Years,37.7,35.5 to 39.9,6346
Idaho,2012-13,>=18 Years,30.5,28.3 to 32.7,4229
Illinois,2012-13,>=18 Years,33.9,31.5 to 36.3,4065
Indiana,2012-13,>=18 Years,33.9,32.5 to 35.3,8038
Iowa,2012-13,>=18 Years,45.6,43.6 to 47.6,5807
Kansas,2012-13,>=18 Years,34.9,33.9 to 35.9,13172
Kentucky,2012-13,>=18 Years,38.4,36.6 to 40.2,8014
Louisiana,2012-13,>=18 Years,34.4,32.2 to 36.6,5845
Maine,2012-13,>=18 Years,41.2,39.6 to 42.8,6995
Maryland,2012-13,>=18 Years,40.2,38.2 to 42.2,9690
Massachusetts,2012-13,>=18 Years,44.4,42.8 to 46.0,15193
Michigan,2012-13,>=18 Years,33.1,31.7 to 34.5,9274
Minnesota,2012-13,>=18 Years,43.9,42.5 to 45.3,10262
Mississippi,2012-13,>=18 Years,32.5,30.5 to 34.5,5737
Missouri,2012-13,>=18 Years,39.2,36.8 to 41.6,4708
Montana,2012-13,>=18 Years,35.6,33.8 to 37.4,7054
Nebraska,2012-13,>=18 Years,41.6,40.0 to 43.2,10672
Nevada,2012-13,>=18 Years,27.8,25.3 to 30.3,3802
New Hampshire,2012-13,>=18 Years,40.8,38.8 to 42.8,6026
New Jersey,2012-13,>=18 Years,32.8,31.2 to 34.4,10272
New Mexico,2012-13,>=18 Years,35,33.0 to 37.0,6230
New York,2012-13,>=18 Years,35,33.2 to 36.8,5952
North Carolina,2012-13,>=18 Years,40.8,39.0 to 42.6,6621
North Dakota,2012-13,>=18 Years,41.4,39.4 to 43.4,5107
Ohio,2012-13,>=18 Years,36.3,34.7 to 37.9,9224
Oklahoma,2012-13,>=18 Years,37.4,35.6 to 39.2,5310
Oregon,2012-13,>=18 Years,31.7,29.7 to 33.7,4071
Pennsylvania,2012-13,>=18 Years,35.6,34.0 to 37.2,11187
Rhode Island,2012-13,>=18 Years,42.1,39.0 to 45.2,3422
South Carolina,2012-13,>=18 Years,35.8,34.2 to 37.4,9630
South Dakota,2012-13,>=18 Years,48.5,44.6 to 52.4,5396
Tennessee,2012-13,>=18 Years,42.6,40.4 to 44.8,5183
Texas,2012-13,>=18 Years,31.6,29.8 to 33.4,7415
Utah,2012-13,>=18 Years,35,33.0 to 37.0,6464
Vermont,2012-13,>=18 Years,40.2,38.2 to 42.2,4793
Virginia,2012-13,>=18 Years,40.1,38.3 to 41.9,7194
Washington,2012-13,>=18 Years,36.4,35.0 to 37.8,9784
West Virginia,2012-13,>=18 Years,41.9,40.1 to 43.7,4664
Wisconsin,2012-13,>=18 Years,33,30.3 to 35.7,3571
Wyoming,2012-13,>=18 Years,32.9,30.5 to 35.3,3924
Alabama,2013-14,>=18 Years,37.3,35.3 to 39.3,6482
Alaska,2013-14,>=18 Years,32.4,30.0 to 34.8,3950
Arizona,2013-14,>=18 Years,29.5,27.7 to 31.3,7066
Arkansas,2013-14,>=18 Years,37,34.6 to 39.4,4208
California,2013-14,>=18 Years,NR,NR,3213
Colorado,2013-14,>=18 Years,43.5,42.1 to 44.9,9994
Connecticut,2013-14,>=18 Years,41.7,39.2 to 44.2,5174
Delaware,2013-14,>=18 Years,39.7,37.2 to 42.2,3739
District of Columbia,2013-14,>=18 Years,36.7,33.8 to 39.6,3511
Florida,2013-14,>=18 Years,28.9,27.5 to 30.3,15995
Georgia,2013-14,>=18 Years,30.4,28.4 to 32.4,5351
Hawaii,2013-14,>=18 Years,40.6,38.2 to 43.0,5231
Idaho,2013-14,>=18 Years,31.7,29.7 to 33.7,4811
Illinois,2013-14,>=18 Years,35.5,33.3 to 37.7,4081
Indiana,2013-14,>=18 Years,34.1,32.5 to 35.7,7737
Iowa,2013-14,>=18 Years,43.2,41.4 to 45.0,6435
Kansas,2013-14,>=18 Years,39.4,38.2 to 40.6,13120
Kentucky,2013-14,>=18 Years,40.4,38.6 to 42.2,8763
Louisiana,2013-14,>=18 Years,33.3,31.1 to 35.5,5388
Maine,2013-14,>=18 Years,40.3,38.7 to 41.9,6689
Maryland,2013-14,>=18 Years,37.7,35.0 to 40.4,9345
Massachusetts,2013-14,>=18 Years,44.5,42.3 to 46.7,8079
Michigan,2013-14,>=18 Years,34.9,33.5 to 36.3,8861
Minnesota,2013-14,>=18 Years,45,43.8 to 46.2,14118
Mississippi,2013-14,>=18 Years,32.9,30.2 to 35.6,3661
Missouri,2013-14,>=18 Years,40.6,38.4 to 42.8,5588
Montana,2013-14,>=18 Years,35.8,34.0 to 37.6,6985
Nebraska,2013-14,>=18 Years,42.5,40.9 to 44.1,14436
Nevada,2013-14,>=18 Years,28,25.5 to 30.5,3154
New Hampshire,2013-14,>=18 Years,39.7,37.7 to 41.7,5240
New Jersey,2013-14,>=18 Years,36.2,34.4 to 38.0,10207
New Mexico,2013-14,>=18 Years,35.6,33.6 to 37.6,7324
New York,2013-14,>=18 Years,38,36.0 to 40.0,5891
North Carolina,2013-14,>=18 Years,41.4,39.4 to 43.4,5304
North Dakota,2013-14,>=18 Years,41,38.8 to 43.2,5788
Ohio,2013-14,>=18 Years,36.9,35.3 to 38.5,9769
Oklahoma,2013-14,>=18 Years,37.1,35.1 to 39.1,6177
Oregon,2013-14,>=18 Years,33.8,31.1 to 36.5,3341
Pennsylvania,2013-14,>=18 Years,37.8,36.2 to 39.4,8872
Rhode Island,2013-14,>=18 Years,43.7,41.3 to 46.1,4583
South Carolina,2013-14,>=18 Years,35.1,33.5 to 36.7,8437
South Dakota,2013-14,>=18 Years,50.2,47.3 to 53.1,5848
Tennessee,2013-14,>=18 Years,42.4,39.5 to 45.3,3206
Texas,2013-14,>=18 Years,33.5,31.5 to 35.5,10566
Utah,2013-14,>=18 Years,33.7,32.5 to 34.9,13488
Vermont,2013-14,>=18 Years,43.6,41.4 to 45.8,5052
Virginia,2013-14,>=18 Years,42.3,40.5 to 44.1,6983
Washington,2013-14,>=18 Years,38.7,37.1 to 40.3,8114
West Virginia,2013-14,>=18 Years,46.6,44.6 to 48.6,4844
Wisconsin,2013-14,>=18 Years,34,32.0 to 36.0,5279
Wyoming,2013-14,>=18 Years,33.3,31.3 to 35.3,5094
Alabama,2014-15,>=18 Years,36.7,34.5 to 38.9,6812
Alaska,2014-15,>=18 Years,34.2,31.3 to 37.1,3032
Arizona,2014-15,>=18 Years,32.4,30.6 to 34.2,7978
Arkansas,2014-15,>=18 Years,38.9,36.4 to 41.4,3823
California,2014-15,>=18 Years,33.2,31.0 to 35.4,7817
Colorado,2014-15,>=18 Years,41.7,39.7 to 43.7,7909
Connecticut,2014-15,>=18 Years,44.2,41.8 to 46.6,5831
Delaware,2014-15,>=18 Years,42.1,38.6 to 45.6,2816
District of Columbia,2014-15,>=18 Years,34.2,31.1 to 37.3,1977
Florida,2014-15,>=18 Years,31.4,29.8 to 33.0,7022
Georgia,2014-15,>=18 Years,33.5,31.0 to 36.0,3426
Hawaii,2014-15,>=18 Years,38.4,35.9 to 40.9,5443
Idaho,2014-15,>=18 Years,35.1,32.9 to 37.3,3969
Illinois,2014-15,>=18 Years,34.6,32.6 to 36.6,4176
Indiana,2014-15,>=18 Years,38.2,35.8 to 40.6,6554
Iowa,2014-15,>=18 Years,48.7,46.7 to 50.7,5228
Kansas,2014-15,>=18 Years,41.3,40.1 to 42.5,14067
Kentucky,2014-15,>=18 Years,44.4,41.9 to 46.9,6812
Louisiana,2014-15,>=18 Years,34.6,31.7 to 37.5,3302
Maine,2014-15,>=18 Years,41.8,40.2 to 43.4,6999
Maryland,2014-15,>=18 Years,43.2,41.4 to 45.0,9226
Massachusetts,2014-15,>=18 Years,44,41.5 to 46.5,9753
Michigan,2014-15,>=18 Years,37.7,35.9 to 39.5,5798
Minnesota,2014-15,>=18 Years,44.9,43.7 to 46.1,14089
Mississippi,2014-15,>=18 Years,37.9,35.7 to 40.1,4558
Missouri,2014-15,>=18 Years,43,41.0 to 45.0,5717
Montana,2014-15,>=18 Years,39.6,37.4 to 41.8,5215
Nebraska,2014-15,>=18 Years,45.8,44.4 to 47.2,16690
Nevada,2014-15,>=18 Years,30,27.3 to 32.7,2540
New Hampshire,2014-15,>=18 Years,44.4,42.0 to 46.8,4494
New Jersey,2014-15,>=18 Years,37.5,35.5 to 39.5,8107
New Mexico,2014-15,>=18 Years,38.1,35.6 to 40.6,4823
New York,2014-15,>=18 Years,38.6,37.0 to 40.2,8720
North Carolina,2014-15,>=18 Years,43.8,41.4 to 46.2,4714
North Dakota,2014-15,>=18 Years,44.5,42.3 to 46.7,4268
Ohio,2014-15,>=18 Years,39.7,37.9 to 41.5,7866
Oklahoma,2014-15,>=18 Years,42.9,40.9 to 44.9,5538
Oregon,2014-15,>=18 Years,36.1,33.9 to 38.3,4445
Pennsylvania,2014-15,>=18 Years,41.8,39.6 to 44.0,6797
Rhode Island,2014-15,>=18 Years,48.8,46.3 to 51.3,4589
South Carolina,2014-15,>=18 Years,37.8,36.0 to 39.6,7364
South Dakota,2014-15,>=18 Years,54.2,51.3 to 57.1,5930
Tennessee,2014-15,>=18 Years,40.6,38.2 to 43.0,4161
Texas,2014-15,>=18 Years,39.2,37.2 to 41.2,10813
Utah,2014-15,>=18 Years,38,33.3 to 42.7,6844
Vermont,2014-15,>=18 Years,43.8,41.4 to 46.2,4908
Virginia,2014-15,>=18 Years,42.6,40.6 to 44.6,7329
Washington,2014-15,>=18 Years,40.9,39.5 to 42.3,9677
West Virginia,2014-15,>=18 Years,45.1,43.1 to 47.1,4934
Wisconsin,2014-15,>=18 Years,37.4,34.7 to 40.1,3636
Wyoming,2014-15,>=18 Years,34.8,32.6 to 37.0,4679
Alabama,2015-16,>=18 Years,34,31.8 to 36.2,5447
Alaska,2015-16,>=18 Years,30.9,28.2 to 33.6,2453
Arizona,2015-16,>=18 Years,33,31.4 to 34.6,7321
Arkansas,2015-16,>=18 Years,34.3,31.8 to 36.8,3798
California,2015-16,>=18 Years,32.4,30.4 to 34.4,7051
Colorado,2015-16,>=18 Years,39.4,37.8 to 41.0,8754
Connecticut,2015-16,>=18 Years,43.3,41.5 to 45.1,9414
Delaware,2015-16,>=18 Years,41.7,38.8 to 44.6,3055
District of Columbia,2015-16,>=18 Years,34.5,30.4 to 38.6,2199
Florida,2015-16,>=18 Years,30.8,29.4 to 32.2,13076
Georgia,2015-16,>=18 Years,32.6,30.4 to 34.8,3408
Hawaii,2015-16,>=18 Years,34.7,32.2 to 37.2,5478
Idaho,2015-16,>=18 Years,32.6,30.6 to 34.6,4383
Illinois,2015-16,>=18 Years,34.5,32.1 to 36.9,3506
Indiana,2015-16,>=18 Years,36.6,34.8 to 38.4,4822
Iowa,2015-16,>=18 Years,45.8,44.0 to 47.6,5194
Kansas,2015-16,>=18 Years,37,35.8 to 38.2,11092
Kentucky,2015-16,>=18 Years,37.6,35.8 to 39.4,6799
Louisiana,2015-16,>=18 Years,29.9,27.5 to 32.3,4032
Maine,2015-16,>=18 Years,41.3,39.7 to 42.9,7472
Maryland,2015-16,>=18 Years,40,38.6 to 41.4,11901
Massachusetts,2015-16,>=18 Years,37.7,35.0 to 40.4,5207
Michigan,2015-16,>=18 Years,34.4,32.8 to 36.0,7773
Minnesota,2015-16,>=18 Years,41.9,40.5 to 43.3,11399
Mississippi,2015-16,>=18 Years,33,30.8 to 35.2,4102
Missouri,2015-16,>=18 Years,40.4,38.4 to 42.4,5433
Montana,2015-16,>=18 Years,37,34.8 to 39.2,4908
Nebraska,2015-16,>=18 Years,41,39.6 to 42.4,11561
Nevada,2015-16,>=18 Years,29.1,26.2 to 32.0,1994
New Hampshire,2015-16,>=18 Years,41.4,39.2 to 43.6,4958
New Jersey,2015-16,>=18 Years,33.7,31.0 to 36.4,5060
New Mexico,2015-16,>=18 Years,35.8,33.4 to 38.2,4504
New York,2015-16,>=18 Years,38.8,37.2 to 40.4,17131
North Carolina,2015-16,>=18 Years,40.1,37.6 to 42.6,4986
North Dakota,2015-16,>=18 Years,40.7,38.5 to 42.9,4138
Ohio,2015-16,>=18 Years,35.7,34.3 to 37.1,8702
Oklahoma,2015-16,>=18 Years,39.9,37.9 to 41.9,4612
Oregon,2015-16,>=18 Years,34.2,31.8 to 36.6,3316
Pennsylvania,2015-16,>=18 Years,40.1,37.7 to 42.5,5498
Rhode Island,2015-16,>=18 Years,43.5,40.8 to 46.2,4046
South Carolina,2015-16,>=18 Years,37.1,35.5 to 38.7,8490
South Dakota,2015-16,>=18 Years,47.8,44.7 to 50.9,4902
Tennessee,2015-16,>=18 Years,36.8,34.4 to 39.2,3941
Texas,2015-16,>=18 Years,35.2,33.2 to 37.2,9439
Utah,2015-16,>=18 Years,36.3,34.3 to 38.3,6925
Vermont,2015-16,>=18 Years,44.1,41.9 to 46.3,4714
Virginia,2015-16,>=18 Years,40.5,38.5 to 42.5,6233
Washington,2015-16,>=18 Years,38.7,37.3 to 40.1,11719
West Virginia,2015-16,>=18 Years,43,41.2 to 44.8,5563
Wisconsin,2015-16,>=18 Years,34.6,32.2 to 37.0,3517
Wyoming,2015-16,>=18 Years,34,31.6 to 36.4,3741
Alabama,2016-17,>=18 Years,34.7,32.7 to 36.7,5346
Alaska,2016-17,>=18 Years,30.4,27.5 to 33.3,2760
Arizona,2016-17,>=18 Years,33.5,32.1 to 34.9,8904
Arkansas,2016-17,>=18 Years,37.9,35.2 to 40.6,4115
California,2016-17,>=18 Years,36.4,33.5 to 39.3,4915
Colorado,2016-17,>=18 Years,39.4,37.8 to 41.0,7697
Connecticut,2016-17,>=18 Years,43,41.4 to 44.6,8680
Delaware,2016-17,>=18 Years,42,38.7 to 45.3,2521
District of Columbia,2016-17,>=18 Years,38,34.7 to 41.3,2606
Florida,2016-17,>=18 Years,31.6,30.4 to 32.8,25955
Georgia,2016-17,>=18 Years,33.7,31.3 to 36.1,2910
Hawaii,2016-17,>=18 Years,35.2,33.4 to 37.0,6072
Idaho,2016-17,>=18 Years,32.8,30.6 to 35.0,4203
Illinois,2016-17,>=18 Years,35,32.3 to 37.7,2335
Indiana,2016-17,>=18 Years,34.9,33.5 to 36.3,9035
Iowa,2016-17,>=18 Years,44,42.4 to 45.6,6017
Kansas,2016-17,>=18 Years,36.3,35.1 to 37.5,10071
Kentucky,2016-17,>=18 Years,37.9,36.1 to 39.7,6732
Louisiana,2016-17,>=18 Years,28,26.0 to 30.0,4476
Maine,2016-17,>=18 Years,41.7,40.1 to 43.3,7565
Maryland,2016-17,>=18 Years,42.5,40.9 to 44.1,12114
Massachusetts,2016-17,>=18 Years,40.3,37.9 to 42.7,6098
Michigan,2016-17,>=18 Years,35.6,34.2 to 37.0,7955
Minnesota,2016-17,>=18 Years,43.3,41.9 to 44.7,9909
Mississippi,2016-17,>=18 Years,31.3,29.1 to 33.5,3964
Missouri,2016-17,>=18 Years,40.7,37.8 to 43.6,3453
Montana,2016-17,>=18 Years,36.3,33.0 to 39.6,2892
Nebraska,2016-17,>=18 Years,42.8,41.2 to 44.4,10091
Nevada,2016-17,>=18 Years,28.7,26.3 to 31.1,3452
New Hampshire,2016-17,>=18 Years,41.8,39.6 to 44.0,4717
New Jersey,2016-17,>=18 Years,36.2,34.0 to 38.4,5547
New Mexico,2016-17,>=18 Years,37.2,34.7 to 39.7,4074
New York,2016-17,>=18 Years,38.5,36.9 to 40.1,15337
North Carolina,2016-17,>=18 Years,40,37.6 to 42.4,3816
North Dakota,2016-17,>=18 Years,38.2,36.4 to 40.0,5149
Ohio,2016-17,>=18 Years,38.6,37.0 to 40.2,8010
Oklahoma,2016-17,>=18 Years,38.2,36.0 to 40.4,4208
Oregon,2016-17,>=18 Years,31.7,29.9 to 33.5,4365
Pennsylvania,2016-17,>=18 Years,43,40.3 to 45.7,3823
Rhode Island,2016-17,>=18 Years,44,41.6 to 46.4,4201
South Carolina,2016-17,>=18 Years,37.6,36.0 to 39.2,8378
South Dakota,2016-17,>=18 Years,45.6,42.7 to 48.5,4264
Tennessee,2016-17,>=18 Years,33.7,31.5 to 35.9,4339
Texas,2016-17,>=18 Years,31.3,29.3 to 33.3,8870
Utah,2016-17,>=18 Years,36.4,35.0 to 37.8,8828
Vermont,2016-17,>=18 Years,39.7,37.7 to 41.7,5100
Virginia,2016-17,>=18 Years,40.1,38.1 to 42.1,5825
Washington,2016-17,>=18 Years,39,37.8 to 40.2,12011
West Virginia,2016-17,>=18 Years,42.8,40.8 to 44.8,4857
Wisconsin,2016-17,>=18 Years,35,32.6 to 37.4,3568
Wyoming,2016-17,>=18 Years,33.3,31.1 to 35.5,3671
Alabama,2017-18,>=18 Years,32.2,30.4 to 34.0,4876
Alaska,2017-18,>=18 Years,30.3,27.0 to 33.6,1938
Arizona,2017-18,>=18 Years,29.3,27.9 to 30.7,9927
Arkansas,2017-18,>=18 Years,31.2,28.8 to 33.6,4158
California,2017-18,>=18 Years,28.9,27.5 to 30.3,8483
Colorado,2017-18,>=18 Years,34,32.4 to 35.6,5937
Connecticut,2017-18,>=18 Years,34.6,33.0 to 36.2,7466
Delaware,2017-18,>=18 Years,37.4,35.4 to 39.4,4155
District of Columbia,2017-18,>=18 Years,NR,NR,1577
Florida,2017-18,>=18 Years,26.7,25.1 to 28.3,10156
Georgia,2017-18,>=18 Years,27.6,26.2 to 29.0,6552
Hawaii,2017-18,>=18 Years,28.9,27.3 to 30.5,5486
Idaho,2017-18,>=18 Years,29,26.5 to 31.5,2709
Illinois,2017-18,>=18 Years,31.3,29.5 to 33.1,4288
Indiana,2017-18,>=18 Years,28.4,26.8 to 30.0,7856
Iowa,2017-18,>=18 Years,39.7,38.1 to 41.3,6348
Kansas,2017-18,>=18 Years,32.6,31.4 to 33.8,12300
Kentucky,2017-18,>=18 Years,35.3,33.5 to 37.1,6627
Louisiana,2017-18,>=18 Years,21.9,19.4 to 24.4,2024
Maine,2017-18,>=18 Years,33.2,31.4 to 35.0,7079
Maryland,2017-18,>=18 Years,37.5,36.1 to 38.9,11172
Massachusetts,2017-18,>=18 Years,37.1,34.9 to 39.3,5392
Michigan,2017-18,>=18 Years,30.8,29.2 to 32.4,5706
Minnesota,2017-18,>=18 Years,39.7,38.7 to 40.7,15320
Mississippi,2017-18,>=18 Years,30.2,28.0 to 32.4,3325
Missouri,2017-18,>=18 Years,34.9,32.7 to 37.1,4204
Montana,2017-18,>=18 Years,33.4,30.7 to 36.1,3075
Nebraska,2017-18,>=18 Years,37.5,36.1 to 38.9,11543
Nevada,2017-18,>=18 Years,29,26.5 to 31.5,2467
New Hampshire,2017-18,>=18 Years,34.2,32.2 to 36.2,4237
New Jersey,2017-18,>=18 Years,36,33.6 to 38.4,6588
New Mexico,2017-18,>=18 Years,30.8,28.8 to 32.8,5105
New York,2017-18,>=18 Years,28,26.8 to 29.2,17831
North Carolina,2017-18,>=18 Years,38.2,35.8 to 40.6,2931
North Dakota,2017-18,>=18 Years,35.4,32.5 to 38.3,3100
Ohio,2017-18,>=18 Years,33.5,32.3 to 34.7,10565
Oklahoma,2017-18,>=18 Years,36.4,34.4 to 38.4,4179
Oregon,2017-18,>=18 Years,31.3,29.5 to 33.1,3524
Pennsylvania,2017-18,>=18 Years,35,32.1 to 37.9,2600
Rhode Island,2017-18,>=18 Years,36.9,34.7 to 39.1,4117
South Carolina,2017-18,>=18 Years,33,31.4 to 34.6,7816
South Dakota,2017-18,>=18 Years,39.3,37.1 to 41.5,6473
Tennessee,2017-18,>=18 Years,25.4,23.2 to 27.6,3176
Texas,2017-18,>=18 Years,24.9,23.1 to 26.7,8199
Utah,2017-18,>=18 Years,30.5,29.1 to 31.9,7627
Vermont,2017-18,>=18 Years,35.9,33.9 to 37.9,4939
Virginia,2017-18,>=18 Years,37.2,35.6 to 38.8,7321
Washington,2017-18,>=18 Years,38.1,36.7 to 39.5,8842
West Virginia,2017-18,>=18 Years,41.4,39.2 to 43.6,4034
Wisconsin,2017-18,>=18 Years,30.9,28.9 to 32.9,4291
Wyoming,2017-18,>=18 Years,29.9,27.9 to 31.9,3502
Alabama,2018-19,>=18 Years,36.9,34.9 to 38.9,5031
Alaska,2018-19,>=18 Years,32.2,29.5 to 34.9,2486
Arizona,2018-19,>=18 Years,35.5,33.3 to 37.7,6461
Arkansas,2018-19,>=18 Years,38.2,35.5 to 40.9,2895
California,2018-19,>=18 Years,33.9,32.3 to 35.5,7582
Colorado,2018-19,>=18 Years,40.7,39.1 to 42.3,7325
Connecticut,2018-19,>=18 Years,45.2,43.4 to 47.0,7470
Delaware,2018-19,>=18 Years,40.8,37.9 to 43.7,2893
District of Columbia,2018-19,>=18 Years,NR,NR,
Florida,2018-19,>=18 Years,30.3,28.9 to 31.7,15572
Georgia,2018-19,>=18 Years,30.5,27.0 to 34.0,4107
Hawaii,2018-19,>=18 Years,34.3,32.5 to 36.1,6120
Idaho,2018-19,>=18 Years,36.5,33.4 to 39.6,2111
Illinois,2018-19,>=18 Years,35.3,33.1 to 37.5,3901
Indiana,2018-19,>=18 Years,38.9,37.3 to 40.5,6721
Iowa,2018-19,>=18 Years,46.5,44.9 to 48.1,7080
Kansas,2018-19,>=18 Years,42.6,41.0 to 44.2,7728
Kentucky,2018-19,>=18 Years,38.2,35.8 to 40.6,3962
Louisiana,2018-19,>=18 Years,29.1,26.7 to 31.5,3039
Maine,2018-19,>=18 Years,40.5,38.7 to 42.3,7883
Maryland,2018-19,>=18 Years,43,41.6 to 44.4,12528
Massachusetts,2018-19,>=18 Years,44.8,43.0 to 46.6,5710
Michigan,2018-19,>=18 Years,37.4,35.8 to 39.0,6866
Minnesota,2018-19,>=18 Years,42.9,41.5 to 44.3,8950
Mississippi,2018-19,>=18 Years,34.3,31.9 to 36.7,3483
Missouri,2018-19,>=18 Years,41.5,39.7 to 43.3,6700
Montana,2018-19,>=18 Years,38.8,36.8 to 40.8,4569
Nebraska,2018-19,>=18 Years,43.7,42.1 to 45.3,9852
Nevada,2018-19,>=18 Years,29.7,25.4 to 34.0,1483
New Hampshire,2018-19,>=18 Years,41,38.6 to 43.4,3757
New Jersey,2018-19,>=18 Years,NR,NR,
New Mexico,2018-19,>=18 Years,36.3,33.9 to 38.7,4803
New York,2018-19,>=18 Years,38.1,36.7 to 39.5,18477
North Carolina,2018-19,>=18 Years,43.1,40.7 to 45.5,3377
North Dakota,2018-19,>=18 Years,41.7,39.7 to 43.7,5513
Ohio,2018-19,>=18 Years,41.2,39.6 to 42.8,9676
Oklahoma,2018-19,>=18 Years,41.9,39.7 to 44.1,4132
Oregon,2018-19,>=18 Years,36.9,35.1 to 38.7,4622
Pennsylvania,2018-19,>=18 Years,43.5,41.7 to 45.3,6172
Rhode Island,2018-19,>=18 Years,46.4,44.0 to 48.8,4501
South Carolina,2018-19,>=18 Years,36.3,34.3 to 38.3,6421
South Dakota,2018-19,>=18 Years,45.4,42.7 to 48.1,5223
Tennessee,2018-19,>=18 Years,37.5,35.1 to 39.9,3744
Texas,2018-19,>=18 Years,35.1,33.3 to 36.9,9557
Utah,2018-19,>=18 Years,36.3,34.9 to 37.7,8327
Vermont,2018-19,>=18 Years,45.3,43.1 to 47.5,4759
Virginia,2018-19,>=18 Years,42.8,41.0 to 44.6,8101
Washington,2018-19,>=18 Years,44.3,42.7 to 45.9,9946
West Virginia,2018-19,>=18 Years,40.9,38.9 to 42.9,4081
Wisconsin,2018-19,>=18 Years,41.6,39.1 to 44.1,2961
Wyoming,2018-19,>=18 Years,34.3,31.9 to 36.7,3490
Alabama,2019-20,>=18 Years,40.8,38.8 to 42.8,4473
Alaska,2019-20,>=18 Years,35.8,32.7 to 38.9,2603
Arizona,2019-20,>=18 Years,37.6,35.8 to 39.4,6728
Arkansas,2019-20,>=18 Years,45.9,43.5 to 48.3,4830
California,2019-20,>=18 Years,41.2,37.5 to 44.9,4836
Colorado,2019-20,>=18 Years,44.2,42.4 to 46.0,5587
Connecticut,2019-20,>=18 Years,49.6,47.8 to 51.4,7403
Delaware,2019-20,>=18 Years,43.4,40.7 to 46.1,2926
District of Columbia,2019-20,>=18 Years,49.3,41.9 to 56.7,880
Florida,2019-20,>=18 Years,35.4,33.2 to 37.6,6374
Georgia,2019-20,>=18 Years,36.3,34.7 to 37.9,10106
Hawaii,2019-20,>=18 Years,36.4,34.8 to 38.0,6196
Idaho,2019-20,>=18 Years,37,35.2 to 38.8,5712
Illinois,2019-20,>=18 Years,44.7,42.0 to 47.4,3015
Indiana,2019-20,>=18 Years,42.9,41.3 to 44.5,6797
Iowa,2019-20,>=18 Years,49,47.4 to 50.6,6858
Kansas,2019-20,>=18 Years,46.3,44.3 to 48.3,5957
Kentucky,2019-20,>=18 Years,43,39.1 to 46.9,3319
Louisiana,2019-20,>=18 Years,37.8,34.1 to 41.5,2017
Maine,2019-20,>=18 Years,47.6,46.2 to 49.0,10695
Maryland,2019-20,>=18 Years,44.8,43.4 to 46.2,11963
Massachusetts,2019-20,>=18 Years,50.4,48.6 to 52.2,6372
Michigan,2019-20,>=18 Years,41.2,38.1 to 44.3,3851
Minnesota,2019-20,>=18 Years,48.1,46.9 to 49.3,12511
Mississippi,2019-20,>=18 Years,38.7,36.2 to 41.2,4027
Missouri,2019-20,>=18 Years,42.8,40.8 to 44.8,5449
Montana,2019-20,>=18 Years,42.6,40.6 to 44.6,5508
Nebraska,2019-20,>=18 Years,48.8,47.0 to 50.6,8917
Nevada,2019-20,>=18 Years,38.4,33.7 to 43.1,1795
New Hampshire,2019-20,>=18 Years,48.7,46.7 to 50.7,5166
New Jersey,2019-20,>=18 Years,38.6,36.2 to 41.0,2118
New Mexico,2019-20,>=18 Years,41.7,39.5 to 43.9,4876
New York,2019-20,>=18 Years,41.8,40.4 to 43.2,10972
North Carolina,2019-20,>=18 Years,47.5,45.3 to 49.7,3521
North Dakota,2019-20,>=18 Years,47.3,44.6 to 50.0,2823
Ohio,2019-20,>=18 Years,41.9,40.5 to 43.3,10436
Oklahoma,2019-20,>=18 Years,45.5,43.1 to 47.9,3849
Oregon,2019-20,>=18 Years,41.7,40.1 to 43.3,5554
Pennsylvania,2019-20,>=18 Years,46.7,44.7 to 48.7,4229
Rhode Island,2019-20,>=18 Years,49.1,46.6 to 51.6,4378
South Carolina,2019-20,>=18 Years,41,38.3 to 43.7,3491
South Dakota,2019-20,>=18 Years,49.1,46.9 to 51.3,6540
Tennessee,2019-20,>=18 Years,39.7,37.0 to 42.4,2760
Texas,2019-20,>=18 Years,35,33.0 to 37.0,8219
Utah,2019-20,>=18 Years,42.6,40.8 to 44.4,6477
Vermont,2019-20,>=18 Years,48.6,46.6 to 50.6,5351
Virginia,2019-20,>=18 Years,47.9,46.1 to 49.7,7175
Washington,2019-20,>=18 Years,47,45.6 to 48.4,10413
West Virginia,2019-20,>=18 Years,44.3,42.1 to 46.5,3924
Wisconsin,2019-20,>=18 Years,50.4,47.3 to 53.5,2647
Wyoming,2019-20,>=18 Years,38.6,35.9 to 41.3,3492
Alabama,2009-10,>=6 Months,36.1,34.3 to 37.9,9323
Alaska,2009-10,>=6 Months,34.4,31.7 to 37.1,4987
Arizona,2009-10,>=6 Months,37,34.5 to 39.5,8065
Arkansas,2009-10,>=6 Months,48.1,44.3 to 51.9,5871
California,2009-10,>=6 Months,31,29.8 to 32.2,17151
Colorado,2009-10,>=6 Months,41.8,39.5 to 44.1,10746
Connecticut,2009-10,>=6 Months,41.2,39.4 to 43.0,8563
Delaware,2009-10,>=6 Months,39.3,37.2 to 41.4,7145
District of Columbia,2009-10,>=6 Months,39.1,36.2 to 42.0,6307
Florida,2009-10,>=6 Months,32.1,30.7 to 33.5,25071
Georgia,2009-10,>=6 Months,32.9,31.0 to 34.8,7795
Hawaii,2009-10,>=6 Months,47.4,45.4 to 49.4,9816
Idaho,2009-10,>=6 Months,32,29.9 to 34.1,8680
Illinois,2009-10,>=6 Months,35.9,33.9 to 37.9,8728
Indiana,2009-10,>=6 Months,37.8,36.3 to 39.3,11036
Iowa,2009-10,>=6 Months,45.7,43.8 to 47.6,8156
Kansas,2009-10,>=6 Months,39.5,38.0 to 41.0,13899
Kentucky,2009-10,>=6 Months,39.8,38.0 to 41.6,9809
Louisiana,2009-10,>=6 Months,37.2,35.5 to 38.9,8942
Maine,2009-10,>=6 Months,43.8,42.2 to 45.4,8867
Maryland,2009-10,>=6 Months,40.4,38.7 to 42.1,10878
Massachusetts,2009-10,>=6 Months,46,44.0 to 48.0,14087
Michigan,2009-10,>=6 Months,33.5,32.0 to 35.0,10668
Minnesota,2009-10,>=6 Months,46.8,44.7 to 48.9,8852
Mississippi,2009-10,>=6 Months,33.7,32.0 to 35.4,11356
Missouri,2009-10,>=6 Months,38.1,36.1 to 40.1,7074
Montana,2009-10,>=6 Months,35.1,33.4 to 36.8,9059
Nebraska,2009-10,>=6 Months,45.1,43.0 to 47.2,15971
Nevada,2009-10,>=6 Months,28.2,26.3 to 30.1,7299
New Hampshire,2009-10,>=6 Months,45.2,43.3 to 47.1,7343
New Jersey,2009-10,>=6 Months,37.2,35.5 to 38.9,11653
New Mexico,2009-10,>=6 Months,40.9,38.9 to 42.9,9365
New York,2009-10,>=6 Months,38.2,36.5 to 39.9,9661
North Carolina,2009-10,>=6 Months,38.6,36.4 to 40.8,11267
North Dakota,2009-10,>=6 Months,42.7,40.2 to 45.2,6501
Ohio,2009-10,>=6 Months,36.7,35.0 to 38.4,11152
Oklahoma,2009-10,>=6 Months,39.2,37.5 to 40.9,9792
Oregon,2009-10,>=6 Months,35.3,33.5 to 37.1,8182
Pennsylvania,2009-10,>=6 Months,40.3,38.8 to 41.8,12179
Rhode Island,2009-10,>=6 Months,43.7,41.9 to 45.5,8243
South Carolina,2009-10,>=6 Months,36,34.3 to 37.7,10809
South Dakota,2009-10,>=6 Months,49.4,47.4 to 51.4,8664
Tennessee,2009-10,>=6 Months,40.9,38.7 to 43.1,7294
Texas,2009-10,>=6 Months,36.3,34.9 to 37.7,20682
Utah,2009-10,>=6 Months,40,38.4 to 41.6,11042
Vermont,2009-10,>=6 Months,40.4,38.6 to 42.2,7750
Virginia,2009-10,>=6 Months,43.7,41.2 to 46.2,7128
Washington,2009-10,>=6 Months,38.1,36.7 to 39.5,17955
West Virginia,2009-10,>=6 Months,40.6,38.1 to 43.1,6924
Wisconsin,2009-10,>=6 Months,37.2,35.1 to 39.3,5516
Wyoming,2009-10,>=6 Months,39.7,37.7 to 41.7,8054
Alabama,2009-10,>=18 Years,35.4,33.6 to 37.2,6610
Alaska,2009-10,>=18 Years,34.9,31.7 to 38.1,2575
Arizona,2009-10,>=18 Years,36.4,33.8 to 39.0,5324
Arkansas,2009-10,>=18 Years,42.7,40.1 to 45.3,3950
California,2009-10,>=18 Years,30.3,29.0 to 31.6,12618
Colorado,2009-10,>=18 Years,40,38.3 to 41.7,8540
Connecticut,2009-10,>=18 Years,40.5,38.3 to 42.7,5471
Delaware,2009-10,>=18 Years,38.8,36.5 to 41.1,4392
District of Columbia,2009-10,>=18 Years,38.9,36.0 to 41.8,3933
Florida,2009-10,>=18 Years,31.6,30.3 to 32.9,20033
Georgia,2009-10,>=18 Years,33.3,31.2 to 35.4,5025
Hawaii,2009-10,>=18 Years,42.7,40.9 to 44.5,6368
Idaho,2009-10,>=18 Years,32.4,30.6 to 34.2,6577
Illinois,2009-10,>=18 Years,36,33.7 to 38.3,4757
Indiana,2009-10,>=18 Years,37.9,36.2 to 39.6,7341
Iowa,2009-10,>=18 Years,46.2,44.1 to 48.3,5322
Kansas,2009-10,>=18 Years,41.1,39.6 to 42.6,10040
Kentucky,2009-10,>=18 Years,40.1,38.2 to 42.0,6936
Louisiana,2009-10,>=18 Years,36.4,34.5 to 38.3,6084
Maine,2009-10,>=18 Years,41.5,39.9 to 43.1,6602
Maryland,2009-10,>=18 Years,39,37.2 to 40.8,7674
Massachusetts,2009-10,>=18 Years,43.5,41.9 to 45.1,12114
Michigan,2009-10,>=18 Years,33.9,32.3 to 35.5,7462
Minnesota,2009-10,>=18 Years,46.6,44.3 to 48.9,6125
Mississippi,2009-10,>=18 Years,34.4,32.7 to 36.1,8196
Missouri,2009-10,>=18 Years,38.6,36.4 to 40.8,4548
Montana,2009-10,>=18 Years,36.3,34.5 to 38.1,6242
Nebraska,2009-10,>=18 Years,46.2,44.3 to 48.1,12443
Nevada,2009-10,>=18 Years,29.8,27.5 to 32.1,4387
New Hampshire,2009-10,>=18 Years,44.2,42.1 to 46.3,4850
New Jersey,2009-10,>=18 Years,34.1,32.5 to 35.7,9366
New Mexico,2009-10,>=18 Years,40.6,38.5 to 42.7,6370
New York,2009-10,>=18 Years,37,35.3 to 38.7,6433
North Carolina,2009-10,>=18 Years,37.5,35.8 to 39.2,9458
North Dakota,2009-10,>=18 Years,42.1,40.0 to 44.2,4515
Ohio,2009-10,>=18 Years,36.6,35.0 to 38.2,8475
Oklahoma,2009-10,>=18 Years,39.1,37.4 to 40.8,7045
Oregon,2009-10,>=18 Years,36.9,35.0 to 38.8,5446
Pennsylvania,2009-10,>=18 Years,39.5,37.9 to 41.1,8051
Rhode Island,2009-10,>=18 Years,41.6,39.7 to 43.5,5711
South Carolina,2009-10,>=18 Years,37.4,35.5 to 39.3,8072
South Dakota,2009-10,>=18 Years,48.4,46.2 to 50.6,6045
Tennessee,2009-10,>=18 Years,40,37.8 to 42.2,5057
Texas,2009-10,>=18 Years,35.3,33.7 to 36.9,12833
Utah,2009-10,>=18 Years,40.3,38.5 to 42.1,7481
Vermont,2009-10,>=18 Years,39.4,37.6 to 41.2,5927
Virginia,2009-10,>=18 Years,43.3,40.6 to 46.0,4848
Washington,2009-10,>=18 Years,38.2,36.9 to 39.5,14866
West Virginia,2009-10,>=18 Years,40,38.1 to 41.9,4316
Wisconsin,2009-10,>=18 Years,36.9,34.5 to 39.3,3328
Wyoming,2009-10,>=18 Years,39.1,37.1 to 41.1,5303